time,ask qty,bid qty,bid price,ask price
90001,4,488,899000.0,900000.0
90009,87,548,899000.0,900000.0
90013,87,548,899000.0,900000.0
90019,182,80,899000.0,900000.0
90030,276,356,898000.0,899000.0
90032,552,712,898000.0,899000.0
90034,53,402,897000.0,898000.0
90040,197,817,899000.0,900000.0
90042,167,288,899000.0,900000.0
90045,397,96,899000.0,900000.0
90103,34,524,897000.0,898000.0
90109,525,354,897000.0,898000.0
90115,517,596,897000.0,898000.0
90117,669,311,897000.0,898000.0
90120,669,311,897000.0,898000.0
90121,81,82,896000.0,897000.0
90132,27,61,896000.0,897000.0
90142,29,251,896000.0,897000.0
90200,33,135,896000.0,897000.0
90213,78,155,896000.0,897000.0
90218,83,148,896000.0,897000.0
90225,396,218,895000.0,896000.0
90227,155,219,895000.0,896000.0
90231,43,574,896000.0,897000.0
90232,86,1148,896000.0,897000.0
90242,343,116,894000.0,895000.0
90247,255,340,893000.0,894000.0
90252,719,152,893000.0,894000.0
90253,719,152,893000.0,894000.0
90256,29,60,892000.0,893000.0
90304,873,723,891000.0,892000.0
90307,233,571,891000.0,892000.0
90316,528,788,890000.0,891000.0
90321,11,320,890000.0,891000.0
90328,44,294,891000.0,892000.0
90341,65,369,892000.0,893000.0
90348,19,131,894000.0,896000.0
90417,225,237,894000.0,895000.0
90420,137,137,893000.0,894000.0
90422,307,149,893000.0,894000.0
90425,307,149,893000.0,894000.0
90426,19,392,894000.0,895000.0
90428,19,392,894000.0,895000.0
90435,565,42,893000.0,894000.0
90438,164,1156,892000.0,893000.0
90443,141,490,892000.0,893000.0
90450,214,485,892000.0,893000.0
90501,398,618,892000.0,893000.0
90509,349,654,892000.0,893000.0
90518,248,706,892000.0,893000.0
90519,248,706,892000.0,893000.0
90520,293,42,893000.0,894000.0
90526,154,144,893000.0,894000.0
90559,639,342,893000.0,894000.0
90604,609,333,893000.0,894000.0
90610,95,806,892000.0,893000.0
90613,269,759,892000.0,893000.0
90622,308,657,892000.0,893000.0
90625,758,523,892000.0,893000.0
90627,652,481,892000.0,893000.0
90628,652,481,892000.0,893000.0
90647,1650,778,891000.0,892000.0
90653,400,1839,890000.0,891000.0
90656,299,1852,890000.0,891000.0
90708,351,1854,890000.0,891000.0
90712,760,1309,890000.0,891000.0
90715,760,1309,890000.0,891000.0
90716,1034,1139,890000.0,891000.0
90720,1105,659,890000.0,891000.0
90722,1105,659,890000.0,891000.0
90724,863,709,890000.0,891000.0
90735,406,117,891000.0,892000.0
90742,59,1249,892000.0,893000.0
90803,31,95,893000.0,894000.0
90812,17,107,894000.0,895000.0
90814,28,119,893000.0,895000.0
90831,92,978,892000.0,893000.0
90849,8,50,893000.0,894000.0
90919,78,13,894000.0,895000.0
91001,90,96,894000.0,895000.0
91022,348,2557,893000.0,894000.0
91027,169,2515,893000.0,894000.0
91031,159,2528,893000.0,894000.0
91052,39,135,894000.0,895000.0
91103,216,2518,893000.0,894000.0
91113,107,2704,893000.0,894000.0
91120,41,291,894000.0,895000.0
91134,622,2776,893000.0,894000.0
91139,476,2770,893000.0,894000.0
91151,4,2763,893000.0,894000.0
91202,14,2640,893000.0,894000.0
91219,50,417,894000.0,895000.0
91226,6,1046,894000.0,895000.0
91256,87,167,895000.0,896000.0
91257,87,167,895000.0,896000.0
91311,178,915,894000.0,897000.0
91338,35,130,895000.0,896000.0
91340,181,1037,894000.0,895000.0
91344,94,1014,894000.0,895000.0
91351,27,528,895000.0,896000.0
91355,477,378,895000.0,896000.0
91406,454,646,894000.0,895000.0
91412,838,737,894000.0,895000.0
91415,357,843,894000.0,895000.0
91418,357,843,894000.0,895000.0
91419,366,673,894000.0,895000.0
91424,158,614,894000.0,895000.0
91425,158,614,894000.0,895000.0
91436,201,537,894000.0,895000.0
91437,201,537,894000.0,895000.0
91438,350,40,894000.0,895000.0
91442,1202,2643,893000.0,894000.0
91443,1202,2643,893000.0,894000.0
91451,1702,2649,893000.0,894000.0
91506,1314,2452,893000.0,894000.0
91507,2628,4904,893000.0,894000.0
91508,1314,2452,893000.0,894000.0
91510,522,1971,893000.0,894000.0
91520,364,1968,893000.0,894000.0
91605,930,171,895000.0,896000.0
91621,977,205,895000.0,896000.0
91638,749,192,895000.0,896000.0
91707,726,2422,895000.0,896000.0
91715,655,2375,895000.0,896000.0
91720,343,2373,895000.0,896000.0
91724,343,1000,895000.0,896000.0
91730,298,918,895000.0,896000.0
91731,298,918,895000.0,896000.0
91734,308,444,895000.0,896000.0
91820,336,279,895000.0,896000.0
91841,395,329,895000.0,896000.0
91917,153,455,894000.0,895000.0
91942,322,756,895000.0,896000.0
92018,380,952,895000.0,896000.0
92025,385,944,895000.0,896000.0
92033,893,476,895000.0,896000.0
92045,455,609,894000.0,895000.0
92053,552,550,894000.0,895000.0
92114,479,546,894000.0,895000.0
92123,434,343,894000.0,895000.0
92128,111,2285,893000.0,894000.0
92142,123,2044,893000.0,894000.0
92217,1078,1629,893000.0,894000.0
92224,1089,1358,893000.0,894000.0
92305,1159,1161,893000.0,894000.0
92310,1170,711,893000.0,894000.0
92312,714,220,893000.0,894000.0
92319,695,52,893000.0,894000.0
92323,421,418,892000.0,893000.0
92329,465,375,892000.0,893000.0
92357,628,154,892000.0,893000.0
92426,606,213,892000.0,893000.0
92429,635,186,892000.0,893000.0
92444,920,990,891000.0,892000.0
92504,628,1045,891000.0,892000.0
92510,507,1009,891000.0,892000.0
92528,541,1059,891000.0,892000.0
92539,414,1074,891000.0,892000.0
92546,373,972,891000.0,892000.0
92556,366,1074,891000.0,892000.0
92633,367,1064,891000.0,892000.0
92652,274,1104,891000.0,892000.0
92655,274,1079,891000.0,892000.0
92709,171,1054,891000.0,892000.0
92728,307,125,892000.0,893000.0
92730,307,111,892000.0,893000.0
92731,25,1001,891000.0,892000.0
92744,189,963,891000.0,892000.0
92746,154,976,891000.0,892000.0
92758,276,714,891000.0,892000.0
92810,1572,201,891000.0,892000.0
92816,1814,8630,890000.0,891000.0
92826,1108,3897,890000.0,891000.0
92827,1108,3897,890000.0,891000.0
92829,982,2426,890000.0,891000.0
92833,142,2057,890000.0,891000.0
92835,142,2057,890000.0,891000.0
92841,139,1830,890000.0,891000.0
92845,918,146,891000.0,892000.0
92846,893,1823,890000.0,892000.0
92848,893,1823,890000.0,892000.0
92901,464,1599,890000.0,891000.0
92903,464,1599,890000.0,891000.0
92904,477,1366,890000.0,891000.0
92913,516,1248,890000.0,891000.0
92925,433,1201,890000.0,891000.0
92929,618,792,890000.0,891000.0
92939,517,904,890000.0,891000.0
92942,766,911,890000.0,891000.0
92943,766,911,890000.0,891000.0
92954,894,615,890000.0,891000.0
92955,894,615,890000.0,891000.0
92958,730,487,890000.0,891000.0
93009,735,267,890000.0,891000.0
93023,605,329,890000.0,891000.0
93026,578,328,890000.0,891000.0
93029,578,167,890000.0,891000.0
93127,607,157,890000.0,891000.0
93138,571,55,890000.0,891000.0
93146,34,1680,889000.0,890000.0
93208,120,1670,889000.0,890000.0
93223,18,1597,889000.0,890000.0
93254,397,99,890000.0,891000.0
93331,635,1936,889000.0,890000.0
93346,578,1967,889000.0,890000.0
93348,578,1967,889000.0,890000.0
93410,456,1965,889000.0,890000.0
93427,386,1983,889000.0,890000.0
93429,391,1484,889000.0,890000.0
93450,205,1666,889000.0,890000.0
93455,176,1661,889000.0,890000.0
93506,300,1051,890000.0,891000.0
93525,226,1169,890000.0,891000.0
93542,106,1187,890000.0,891000.0
93549,918,67,891000.0,892000.0
93559,926,77,891000.0,892000.0
93653,960,1271,891000.0,892000.0
93656,824,1271,891000.0,892000.0
93702,655,1331,891000.0,892000.0
93736,638,1449,891000.0,892000.0
93748,608,1341,891000.0,892000.0
93803,214,364,892000.0,893000.0
93806,214,326,892000.0,893000.0
93814,214,265,892000.0,893000.0
93829,132,219,892000.0,893000.0
93830,132,219,892000.0,893000.0
93859,28,855,892000.0,893000.0
93911,14,861,892000.0,893000.0
93930,360,127,893000.0,894000.0
94006,366,168,893000.0,894000.0
94008,385,115,893000.0,894000.0
94111,814,924,892000.0,893000.0
94208,815,1124,892000.0,893000.0
94219,813,1177,892000.0,893000.0
94221,817,1177,892000.0,893000.0
94222,817,1177,892000.0,893000.0
94223,821,322,892000.0,893000.0
94253,335,2018,891000.0,892000.0
94321,383,2010,891000.0,892000.0
94440,405,2173,891000.0,892000.0
94507,397,2149,891000.0,892000.0
94520,351,2115,891000.0,892000.0
94524,282,2095,891000.0,892000.0
94525,564,4190,891000.0,892000.0
94526,572,3034,891000.0,892000.0
94603,381,1101,891000.0,892000.0
94626,244,1355,891000.0,892000.0
94636,206,1315,891000.0,892000.0
94654,198,1309,891000.0,892000.0
94656,198,1309,891000.0,892000.0
94748,276,402,891000.0,892000.0
94832,223,481,891000.0,892000.0
94845,85,421,891000.0,892000.0
94912,98,504,891000.0,892000.0
94956,756,349,892000.0,893000.0
95005,556,393,891000.0,892000.0
95036,94,180,891000.0,892000.0
95049,124,191,891000.0,892000.0
95123,88,417,891000.0,892000.0
95207,407,279,891000.0,892000.0
95304,451,509,891000.0,892000.0
95305,470,503,891000.0,892000.0
95334,586,202,891000.0,892000.0
95411,606,235,891000.0,892000.0
95431,236,3539,890000.0,891000.0
95446,240,3602,890000.0,891000.0
95503,70,3688,890000.0,891000.0
95532,76,3724,890000.0,891000.0
95611,535,914,891000.0,892000.0
95707,558,1009,891000.0,892000.0
95742,528,1009,891000.0,892000.0
95807,555,932,891000.0,892000.0
95809,1009,500,891000.0,892000.0
95814,824,3862,890000.0,891000.0
95822,988,3788,890000.0,891000.0
95833,1451,3831,890000.0,891000.0
95834,1451,3831,890000.0,891000.0
95909,1374,3496,890000.0,891000.0
95922,1337,3576,890000.0,891000.0
95936,1431,3548,890000.0,891000.0
100039,227,3605,890000.0,891000.0
100052,46,3568,890000.0,891000.0
100134,330,405,891000.0,892000.0
100235,367,508,891000.0,892000.0
100306,335,582,891000.0,892000.0
100344,795,669,891000.0,892000.0
100350,795,746,891000.0,892000.0
100401,1254,310,891000.0,892000.0
100409,266,3445,890000.0,891000.0
100426,245,3422,890000.0,891000.0
100439,701,3581,890000.0,891000.0
100456,1217,3391,890000.0,891000.0
100519,1225,4084,890000.0,891000.0
100533,1337,4054,890000.0,891000.0
100557,1314,3878,890000.0,891000.0
100612,1323,3849,890000.0,891000.0
100621,331,3802,890000.0,891000.0
100623,301,3795,890000.0,891000.0
100634,290,3577,890000.0,891000.0
100645,290,4010,890000.0,891000.0
100702,266,3906,890000.0,891000.0
100709,268,3907,890000.0,891000.0
100729,225,3813,890000.0,891000.0
100737,108,3739,890000.0,891000.0
100800,120,314,891000.0,892000.0
100803,120,251,891000.0,892000.0
100840,102,363,891000.0,892000.0
100853,101,294,891000.0,892000.0
100950,72,686,891000.0,892000.0
101017,509,714,891000.0,892000.0
101023,993,692,891000.0,892000.0
101025,1094,637,891000.0,892000.0
101026,1094,637,891000.0,892000.0
101056,711,4197,890000.0,891000.0
101101,1340,8380,890000.0,891000.0
101104,670,3282,890000.0,891000.0
101105,670,3282,890000.0,891000.0
101106,1145,2369,890000.0,891000.0
101114,1149,2004,890000.0,891000.0
101123,2084,3892,890000.0,891000.0
101146,1063,1662,890000.0,891000.0
101147,1063,1208,890000.0,891000.0
101151,1664,716,890000.0,891000.0
101152,1664,716,890000.0,891000.0
101209,3082,3125,889000.0,890000.0
101210,3082,3125,889000.0,890000.0
101224,3128,2347,889000.0,890000.0
101225,6256,4694,889000.0,890000.0
101228,3227,1769,889000.0,890000.0
101230,2775,1326,889000.0,890000.0
101231,2775,1326,889000.0,890000.0
101232,1736,281,889000.0,890000.0
101246,612,4790,888000.0,889000.0
101255,543,4750,888000.0,889000.0
101257,540,4590,888000.0,889000.0
101258,540,4590,888000.0,889000.0
101309,466,4339,888000.0,889000.0
101316,273,4342,888000.0,889000.0
101320,682,256,889000.0,890000.0
101343,20,4333,888000.0,889000.0
101403,700,21,889000.0,890000.0
101413,669,25,889000.0,890000.0
101418,45,4068,888000.0,889000.0
101431,134,3996,888000.0,889000.0
101450,693,102,889000.0,890000.0
101519,672,592,889000.0,890000.0
101553,605,814,889000.0,890000.0
101622,847,1011,889000.0,890000.0
101634,788,923,889000.0,890000.0
101642,715,994,889000.0,890000.0
101655,1150,892,889000.0,890000.0
101710,1091,993,889000.0,890000.0
101723,1800,1010,889000.0,890000.0
101724,1800,1010,889000.0,890000.0
101725,1792,451,889000.0,890000.0
101726,1792,451,889000.0,890000.0
101748,867,5609,888000.0,889000.0
101849,827,5847,888000.0,889000.0
101909,705,5992,888000.0,889000.0
101927,662,6069,888000.0,889000.0
101942,638,6120,888000.0,889000.0
101950,674,6162,888000.0,889000.0
101953,343,6186,888000.0,889000.0
101954,343,6186,888000.0,889000.0
102000,739,113,889000.0,890000.0
102023,713,528,889000.0,890000.0
102028,726,448,889000.0,890000.0
102047,843,469,889000.0,890000.0
102050,756,329,889000.0,890000.0
102055,656,322,889000.0,890000.0
102101,577,162,889000.0,890000.0
102115,545,145,889000.0,890000.0
102147,959,283,889000.0,890000.0
102234,954,429,889000.0,890000.0
102318,872,750,889000.0,890000.0
102402,1439,1184,889000.0,890000.0
102435,1454,1413,889000.0,890000.0
102443,1437,2014,889000.0,890000.0
102451,1487,2051,889000.0,890000.0
102457,1476,1954,889000.0,890000.0
102508,1098,1394,889000.0,890000.0
102517,869,1387,889000.0,890000.0
102529,811,1340,889000.0,890000.0
102534,811,1262,889000.0,890000.0
102552,781,1304,889000.0,890000.0
102611,1440,3812,889000.0,890000.0
102613,1038,3814,889000.0,890000.0
102615,198,1539,889000.0,890000.0
102623,140,1374,889000.0,890000.0
102639,38,115,890000.0,891000.0
102705,54,164,890000.0,891000.0
102709,54,92,890000.0,891000.0
102713,24,53,890000.0,891000.0
102742,82,628,890000.0,891000.0
102748,91,497,890000.0,891000.0
102827,73,730,890000.0,891000.0
102850,104,662,890000.0,891000.0
102909,597,91,891000.0,892000.0
102935,748,296,891000.0,892000.0
102937,748,241,891000.0,892000.0
102955,684,419,891000.0,892000.0
103039,694,464,891000.0,892000.0
103104,746,533,891000.0,892000.0
103204,932,636,891000.0,892000.0
103211,117,639,891000.0,892000.0
103218,1336,50,892000.0,893000.0
103250,1425,239,892000.0,893000.0
103349,1525,481,892000.0,893000.0
103428,1509,445,892000.0,893000.0
103438,77,789,891000.0,892000.0
103444,119,319,891000.0,892000.0
103513,323,50,891000.0,892000.0
103546,827,43,891000.0,892000.0
103555,726,1345,890000.0,891000.0
103602,777,825,890000.0,891000.0
103623,808,470,890000.0,891000.0
103647,894,408,890000.0,891000.0
103717,320,470,890000.0,891000.0
103809,275,497,890000.0,891000.0
103850,258,559,890000.0,891000.0
103938,341,683,890000.0,891000.0
103952,336,620,890000.0,891000.0
104022,408,669,890000.0,891000.0
104043,434,547,890000.0,891000.0
104049,353,4101,889000.0,890000.0
104133,592,4102,889000.0,890000.0
104207,569,4109,889000.0,890000.0
104226,475,4088,889000.0,890000.0
104246,502,4045,889000.0,890000.0
104311,460,3935,889000.0,890000.0
104344,400,3996,889000.0,890000.0
104347,293,4019,889000.0,890000.0
104359,240,4029,889000.0,890000.0
104402,186,4029,889000.0,890000.0
104443,389,619,890000.0,891000.0
104535,452,848,890000.0,891000.0
104539,457,787,890000.0,891000.0
104602,335,1101,890000.0,891000.0
104604,335,1092,890000.0,891000.0
104625,235,808,890000.0,891000.0
104632,227,820,890000.0,891000.0
104639,477,4047,889000.0,890000.0
104642,1601,4090,889000.0,890000.0
104705,2326,3986,889000.0,890000.0
104714,2291,3896,889000.0,890000.0
104728,2395,3219,889000.0,890000.0
104738,5838,6388,889000.0,890000.0
104742,5560,5294,889000.0,890000.0
104752,2056,1967,889000.0,890000.0
104758,1864,1853,889000.0,890000.0
104759,1864,1853,889000.0,890000.0
104800,2317,1042,889000.0,890000.0
104804,2317,594,889000.0,890000.0
104805,2317,594,889000.0,890000.0
104832,1227,5160,888000.0,889000.0
104908,4042,5146,888000.0,889000.0
104935,4168,5059,888000.0,889000.0
105001,1858,5062,888000.0,889000.0
105003,1658,10152,888000.0,889000.0
105048,844,498,889000.0,890000.0
105102,772,466,889000.0,890000.0
105119,765,348,889000.0,890000.0
105126,764,346,889000.0,890000.0
105207,889,114,889000.0,890000.0
105218,824,216,889000.0,890000.0
105247,885,4388,888000.0,889000.0
105316,1392,4232,888000.0,889000.0
105326,1032,4119,888000.0,889000.0
105332,1035,4085,888000.0,889000.0
105344,1024,3833,888000.0,889000.0
105358,1056,3757,888000.0,889000.0
105410,1137,3679,888000.0,889000.0
105421,1153,3654,888000.0,889000.0
105448,1497,3522,888000.0,889000.0
105458,1391,3557,888000.0,889000.0
105504,1385,3647,888000.0,889000.0
105516,1343,3655,888000.0,889000.0
105535,1408,3603,888000.0,889000.0
105553,1504,3495,888000.0,889000.0
105617,1407,3551,888000.0,889000.0
105632,1325,3426,888000.0,889000.0
105641,1432,3396,888000.0,889000.0
105715,1473,3301,888000.0,889000.0
105750,1412,3458,888000.0,889000.0
105829,1365,3579,888000.0,889000.0
105849,1255,3603,888000.0,889000.0
105926,1337,4020,888000.0,889000.0
105928,1330,3958,888000.0,889000.0
105942,1331,4053,888000.0,889000.0
110011,1293,3813,888000.0,889000.0
110026,1986,3857,888000.0,889000.0
110038,3978,7702,888000.0,889000.0
110059,1654,3616,888000.0,889000.0
110111,1572,3600,888000.0,889000.0
110139,1581,3800,888000.0,889000.0
110149,1439,3692,888000.0,889000.0
110150,1409,3664,888000.0,889000.0
110226,1242,3323,888000.0,889000.0
110304,1243,3442,888000.0,889000.0
110314,922,3995,888000.0,889000.0
110316,934,3993,888000.0,889000.0
110339,832,4499,888000.0,889000.0
110405,824,4566,888000.0,889000.0
110418,697,4592,888000.0,889000.0
110432,579,4593,888000.0,889000.0
110436,446,4492,888000.0,889000.0
110444,129,4467,888000.0,889000.0
110448,606,42,889000.0,890000.0
110457,604,33,889000.0,890000.0
110502,604,4463,888000.0,890000.0
110504,604,4387,888000.0,890000.0
110506,620,4295,888000.0,890000.0
110507,1860,12447,888000.0,890000.0
110513,611,3659,888000.0,890000.0
110529,154,3365,888000.0,889000.0
110553,157,3976,888000.0,889000.0
110600,65,4039,888000.0,889000.0
110628,703,3967,888000.0,889000.0
110648,1513,3979,888000.0,889000.0
110746,1390,3941,888000.0,889000.0
110754,1401,3912,888000.0,889000.0
110832,1407,4079,888000.0,889000.0
110838,1197,4087,888000.0,889000.0
110852,639,4326,888000.0,889000.0
110902,649,4337,888000.0,889000.0
110929,432,4389,888000.0,889000.0
110953,1197,475,889000.0,890000.0
111057,1274,511,889000.0,890000.0
111133,1279,764,889000.0,890000.0
111152,734,773,889000.0,890000.0
111212,610,933,889000.0,890000.0
111232,596,1125,889000.0,890000.0
111256,506,1203,889000.0,890000.0
111333,486,1812,889000.0,890000.0
111353,631,51,890000.0,891000.0
111409,17,1514,889000.0,890000.0
111447,581,143,890000.0,891000.0
111552,715,438,890000.0,891000.0
111553,718,436,890000.0,891000.0
111608,385,1522,889000.0,890000.0
111626,971,1592,889000.0,890000.0
111641,1059,1033,889000.0,890000.0
111729,1044,1130,889000.0,890000.0
111813,1032,1122,889000.0,890000.0
111836,1076,1092,889000.0,890000.0
111839,1076,733,889000.0,890000.0
111841,1050,688,889000.0,890000.0
111844,597,267,889000.0,890000.0
111901,1110,4906,888000.0,889000.0
111925,535,4788,888000.0,889000.0
112002,1782,4777,888000.0,889000.0
112042,1033,4787,888000.0,889000.0
112115,1019,4717,888000.0,889000.0
112147,994,4825,888000.0,889000.0
112213,1780,4899,888000.0,889000.0
112309,3393,5047,888000.0,889000.0
112329,3464,4962,888000.0,889000.0
112357,3497,5007,888000.0,889000.0
112401,3527,4967,888000.0,889000.0
112402,3527,4590,888000.0,889000.0
112405,3933,4320,888000.0,889000.0
112412,8044,8164,888000.0,889000.0
112422,3976,5112,888000.0,889000.0
112423,3973,5111,888000.0,889000.0
112446,4944,4670,888000.0,889000.0
112458,4988,4614,888000.0,889000.0
112503,5338,4517,888000.0,889000.0
112514,5491,4515,888000.0,889000.0
112526,6071,4026,888000.0,889000.0
112547,5119,5578,888000.0,889000.0
112637,5513,5519,888000.0,889000.0
112648,5488,5493,888000.0,889000.0
112707,5354,5406,888000.0,889000.0
112729,5203,5370,888000.0,889000.0
112756,5240,5434,888000.0,889000.0
112825,5166,5403,888000.0,889000.0
112833,5177,5397,888000.0,889000.0
112847,5164,5275,888000.0,889000.0
112917,5229,5272,888000.0,889000.0
112938,5270,5223,888000.0,889000.0
112959,5256,5096,888000.0,889000.0
113011,5227,5021,888000.0,889000.0
113049,5384,4944,888000.0,889000.0
113058,5385,4986,888000.0,889000.0
113134,5422,5007,888000.0,889000.0
113216,4565,5169,888000.0,889000.0
113221,4391,5121,888000.0,889000.0
113248,4203,5151,888000.0,889000.0
113250,4201,5143,888000.0,889000.0
113252,4201,4991,888000.0,889000.0
113307,4074,4858,888000.0,889000.0
113326,4968,4865,888000.0,889000.0
113329,4968,4821,888000.0,889000.0
113332,5361,4354,888000.0,889000.0
113336,5304,3902,888000.0,889000.0
113348,5716,3796,888000.0,889000.0
113400,5685,4269,888000.0,889000.0
113415,5300,4241,888000.0,889000.0
113431,5310,4040,888000.0,889000.0
113509,5248,4048,888000.0,889000.0
113525,5327,3969,888000.0,889000.0
113538,5279,3703,888000.0,889000.0
113605,5366,3530,888000.0,889000.0
113622,5388,3789,888000.0,889000.0
113629,4835,3329,888000.0,889000.0
113715,4878,3404,888000.0,889000.0
113716,9754,6784,888000.0,889000.0
113725,4493,2958,888000.0,889000.0
113742,4338,2919,888000.0,889000.0
113752,4363,2806,888000.0,889000.0
113755,4270,2787,888000.0,889000.0
113817,4227,2650,888000.0,889000.0
113830,4255,2535,888000.0,889000.0
113852,8488,5068,888000.0,889000.0
113858,4029,2341,888000.0,889000.0
113906,3994,2198,888000.0,889000.0
113935,3720,2153,888000.0,889000.0
113952,3718,2069,888000.0,889000.0
114011,3560,2068,888000.0,889000.0
114016,3554,1900,888000.0,889000.0
114022,3558,1754,888000.0,889000.0
114023,3558,1754,888000.0,889000.0
114026,2605,832,888000.0,889000.0
114029,2051,285,888000.0,889000.0
114040,2030,204,888000.0,889000.0
114115,2040,16,888000.0,889000.0
114132,554,5144,887000.0,888000.0
114139,126,4672,887000.0,888000.0
114144,270,5029,887000.0,888000.0
114156,1817,1802,888000.0,889000.0
114212,1906,1932,888000.0,889000.0
114219,1908,1952,888000.0,889000.0
114229,1826,1777,888000.0,889000.0
114309,1885,1517,888000.0,889000.0
114337,1970,1523,888000.0,889000.0
114351,1977,1507,888000.0,889000.0
114409,1983,1283,888000.0,889000.0
114443,1794,1435,888000.0,889000.0
114506,3570,2928,888000.0,889000.0
114520,1678,1215,888000.0,889000.0
114532,1682,1159,888000.0,889000.0
114541,1694,1038,888000.0,889000.0
114617,1703,1268,888000.0,889000.0
114628,1691,1220,888000.0,889000.0
114655,1754,1162,888000.0,889000.0
114738,1652,1651,888000.0,889000.0
114755,1655,1620,888000.0,889000.0
114800,1654,1498,888000.0,889000.0
114816,1627,1496,888000.0,889000.0
114847,1597,1751,888000.0,889000.0
114859,1614,1770,888000.0,889000.0
114922,1348,1526,888000.0,889000.0
114930,1347,1404,888000.0,889000.0
114935,1380,2196,888000.0,889000.0
114955,1387,2019,888000.0,889000.0
115022,1384,1882,888000.0,889000.0
115024,1301,1763,888000.0,889000.0
115047,1500,1760,888000.0,889000.0
115113,1504,1835,888000.0,889000.0
115116,1513,1660,888000.0,889000.0
115138,1532,1384,888000.0,889000.0
115155,1508,1333,888000.0,889000.0
115242,1459,1252,888000.0,889000.0
115301,1470,1375,888000.0,889000.0
115320,1479,1285,888000.0,889000.0
115332,1475,1233,888000.0,889000.0
115426,1549,1373,888000.0,889000.0
115447,1660,1270,888000.0,889000.0
115503,1669,1215,888000.0,889000.0
115525,1666,1861,888000.0,889000.0
115538,1591,2296,888000.0,889000.0
115601,1562,2294,888000.0,889000.0
115622,3452,6030,888000.0,889000.0
115624,1526,3014,888000.0,889000.0
115626,1149,2560,888000.0,889000.0
115631,713,2168,888000.0,889000.0
115637,434,2153,888000.0,889000.0
115639,263,2124,888000.0,889000.0
115643,1626,163,889000.0,890000.0
115707,2072,877,889000.0,890000.0
115709,2067,875,889000.0,890000.0
115716,1579,862,889000.0,890000.0
115718,578,871,889000.0,890000.0
115721,241,878,889000.0,890000.0
115727,227,753,889000.0,890000.0
115732,383,960,890000.0,891000.0
115733,766,1920,890000.0,891000.0
115752,815,144,891000.0,892000.0
115815,817,185,891000.0,892000.0
115834,392,302,891000.0,892000.0
115841,376,760,891000.0,892000.0
115844,176,761,891000.0,892000.0
115850,1002,329,892000.0,893000.0
115904,900,1339,892000.0,893000.0
115908,229,1332,892000.0,893000.0
115916,8,1322,892000.0,893000.0
115918,613,449,893000.0,894000.0
115921,719,352,893000.0,894000.0
115927,310,824,893000.0,894000.0
115928,310,824,893000.0,894000.0
115931,104,826,893000.0,894000.0
115941,1827,756,894000.0,895000.0
115959,1845,1074,894000.0,895000.0
120026,1973,958,894000.0,895000.0
120054,1977,972,894000.0,895000.0
120055,1977,972,894000.0,895000.0
120059,1965,646,894000.0,895000.0
120102,1962,567,894000.0,895000.0
120106,1962,350,894000.0,895000.0
120108,1962,300,894000.0,895000.0
120119,989,51,893000.0,894000.0
120133,1268,1125,892000.0,893000.0
120137,1269,1056,892000.0,893000.0
120142,1269,780,892000.0,893000.0
120153,1284,691,892000.0,893000.0
120154,1284,691,892000.0,893000.0
120157,275,340,891000.0,892000.0
120205,106,1347,890000.0,891000.0
120226,1552,1384,890000.0,891000.0
120245,1612,1423,890000.0,891000.0
120319,2222,1501,890000.0,891000.0
120329,4670,2884,890000.0,891000.0
120337,939,1296,890000.0,891000.0
120349,863,1297,890000.0,891000.0
120352,996,1320,890000.0,891000.0
120402,803,1311,890000.0,891000.0
120444,850,1383,890000.0,891000.0
120447,855,1275,890000.0,891000.0
120516,838,1065,890000.0,891000.0
120539,829,1409,890000.0,891000.0
120626,814,1512,890000.0,891000.0
120712,809,1555,890000.0,891000.0
120735,786,1568,890000.0,891000.0
120741,821,1464,890000.0,891000.0
120749,389,1478,890000.0,891000.0
120824,336,1558,890000.0,891000.0
120835,329,1498,890000.0,891000.0
120906,692,2906,890000.0,891000.0
120937,122,1315,890000.0,891000.0
121025,429,1450,890000.0,891000.0
121059,517,1350,890000.0,891000.0
121127,578,1032,890000.0,891000.0
121149,608,983,890000.0,891000.0
121202,645,948,890000.0,891000.0
121225,661,917,890000.0,891000.0
121241,689,845,890000.0,891000.0
121312,616,663,890000.0,891000.0
121315,616,529,890000.0,891000.0
121333,609,216,890000.0,891000.0
121408,637,209,890000.0,891000.0
121416,633,55,890000.0,891000.0
121432,214,1036,889000.0,890000.0
121508,260,1119,889000.0,890000.0
121536,214,1114,889000.0,890000.0
121545,214,1114,889000.0,890000.0
121601,216,958,889000.0,890000.0
121618,231,779,889000.0,890000.0
121723,389,740,889000.0,890000.0
121732,451,593,889000.0,890000.0
121755,561,602,889000.0,890000.0
121817,850,534,889000.0,890000.0
121819,850,471,889000.0,890000.0
121848,382,664,889000.0,890000.0
121914,463,617,889000.0,890000.0
121945,94,755,889000.0,890000.0
122006,78,871,889000.0,890000.0
122014,405,419,890000.0,891000.0
122035,409,47,891000.0,892000.0
122046,310,359,891000.0,892000.0
122112,253,560,891000.0,892000.0
122153,549,266,892000.0,893000.0
122217,519,348,892000.0,893000.0
122246,634,277,892000.0,893000.0
122313,630,235,892000.0,893000.0
122335,218,245,891000.0,892000.0
122358,251,207,891000.0,892000.0
122420,318,500,891000.0,892000.0
122427,318,474,891000.0,892000.0
122449,342,501,891000.0,892000.0
122515,339,448,891000.0,892000.0
122536,424,264,891000.0,892000.0
122633,380,306,891000.0,892000.0
122703,120,378,891000.0,892000.0
122710,103,355,891000.0,892000.0
122753,379,290,891000.0,892000.0
122801,389,266,891000.0,892000.0
122842,515,106,891000.0,892000.0
122904,607,123,891000.0,892000.0
122937,649,177,891000.0,892000.0
123003,717,122,891000.0,892000.0
123005,18,2612,890000.0,891000.0
123020,583,2604,890000.0,891000.0
123104,721,2561,890000.0,891000.0
123138,728,2540,890000.0,891000.0
123204,810,2761,890000.0,891000.0
123223,844,2624,890000.0,891000.0
123253,892,3387,890000.0,891000.0
123318,893,3390,890000.0,891000.0
123328,806,3278,890000.0,891000.0
123336,804,3197,890000.0,891000.0
123353,791,3111,890000.0,891000.0
123407,710,3073,890000.0,891000.0
123408,635,3071,890000.0,891000.0
123431,613,2889,890000.0,891000.0
123436,408,2890,890000.0,891000.0
123452,354,3346,890000.0,891000.0
123509,73,3907,890000.0,891000.0
123523,356,74,891000.0,892000.0
123541,286,4021,890000.0,891000.0
123637,352,4191,890000.0,891000.0
123649,308,4144,890000.0,891000.0
123704,358,4122,890000.0,891000.0
123737,222,587,891000.0,892000.0
123819,179,756,891000.0,892000.0
123830,147,708,891000.0,892000.0
123852,149,707,891000.0,892000.0
123913,186,679,891000.0,892000.0
123929,196,2152,891000.0,892000.0
123931,206,2141,891000.0,892000.0
124016,175,1977,891000.0,892000.0
124044,203,1858,891000.0,892000.0
124118,262,1820,891000.0,892000.0
124154,416,1627,891000.0,892000.0
124227,590,1627,891000.0,892000.0
124321,741,1644,891000.0,892000.0
124401,865,1716,891000.0,892000.0
124411,855,1588,891000.0,892000.0
124440,821,1610,891000.0,892000.0
124518,815,1690,891000.0,892000.0
124529,781,1688,891000.0,892000.0
124533,641,1680,891000.0,892000.0
124555,493,1626,891000.0,892000.0
124609,449,1546,891000.0,892000.0
124624,440,1634,891000.0,892000.0
124651,868,1496,891000.0,892000.0
124717,1109,1457,891000.0,892000.0
124720,1134,1429,891000.0,892000.0
124755,995,1278,891000.0,892000.0
124830,1078,1275,891000.0,892000.0
124901,686,1363,891000.0,892000.0
124943,688,1213,891000.0,892000.0
124951,698,1158,891000.0,892000.0
125021,959,1115,891000.0,892000.0
125026,985,1112,891000.0,892000.0
125050,972,1149,891000.0,892000.0
125057,929,1026,891000.0,892000.0
125136,1034,1205,891000.0,892000.0
125151,1007,1053,891000.0,892000.0
125157,1029,1018,891000.0,892000.0
125216,1047,844,891000.0,892000.0
125226,1063,872,891000.0,892000.0
125232,978,705,891000.0,892000.0
125236,977,432,891000.0,892000.0
125302,1017,308,891000.0,892000.0
125317,1063,190,891000.0,892000.0
125329,1664,89,891000.0,892000.0
125331,340,4537,890000.0,891000.0
125347,1650,4404,890000.0,891000.0
125353,1702,4103,890000.0,891000.0
125354,1702,4103,890000.0,891000.0
125355,1525,4252,890000.0,891000.0
125357,1520,4067,890000.0,891000.0
125400,1568,3845,890000.0,891000.0
125427,1637,4349,890000.0,891000.0
125441,1628,4311,890000.0,891000.0
125442,1628,4186,890000.0,891000.0
125515,1757,4141,890000.0,891000.0
125522,1831,4078,890000.0,891000.0
125536,1812,3893,890000.0,891000.0
125615,1089,4012,890000.0,891000.0
125631,1165,3999,890000.0,891000.0
125646,1103,4415,890000.0,891000.0
125714,1263,4615,890000.0,891000.0
125726,1222,4536,890000.0,891000.0
125746,1114,4507,890000.0,891000.0
125758,1145,4105,890000.0,891000.0
125810,1142,3985,890000.0,891000.0
125831,1163,3855,890000.0,891000.0
125840,1163,3693,890000.0,891000.0
125858,1668,3558,890000.0,891000.0
125904,1667,4571,890000.0,891000.0
125911,1660,4331,890000.0,891000.0
125921,1647,4287,890000.0,891000.0
125948,1992,4256,890000.0,891000.0
125955,1902,4211,890000.0,891000.0
125958,2220,4168,890000.0,891000.0
130005,3190,3638,890000.0,891000.0
130008,6474,6045,890000.0,891000.0
130012,3238,2350,890000.0,891000.0
130013,3238,2350,890000.0,891000.0
130015,3247,1719,890000.0,891000.0
130016,3247,1719,890000.0,891000.0
130019,3020,1289,890000.0,891000.0
130020,2656,763,890000.0,891000.0
130021,2656,763,890000.0,891000.0
130023,579,12452,889000.0,890000.0
130028,1641,12295,889000.0,890000.0
130030,1641,12295,889000.0,890000.0
130032,2389,11408,889000.0,890000.0
130037,2534,10855,889000.0,890000.0
130038,2534,10855,889000.0,890000.0
130039,2997,9928,889000.0,890000.0
130040,5994,19856,889000.0,890000.0
130043,3117,8777,889000.0,890000.0
130045,3117,8777,889000.0,890000.0
130047,8080,15722,889000.0,890000.0
130049,4228,6713,889000.0,890000.0
130053,10040,13376,889000.0,890000.0
130054,5020,6688,889000.0,890000.0
130055,5020,6688,889000.0,890000.0
130101,6006,5475,889000.0,890000.0
130117,9066,4942,889000.0,890000.0
130132,6583,4325,889000.0,890000.0
130149,6552,4177,889000.0,890000.0
130152,6540,4128,889000.0,890000.0
130205,6689,2939,889000.0,890000.0
130222,6605,2880,889000.0,890000.0
130246,6674,3673,889000.0,890000.0
130314,3526,3802,889000.0,890000.0
130327,3455,3803,889000.0,890000.0
130347,3451,3711,889000.0,890000.0
130359,3390,3556,889000.0,890000.0
130435,3317,3577,889000.0,890000.0
130448,3322,3454,889000.0,890000.0
130508,3271,3358,889000.0,890000.0
130534,3549,3349,889000.0,890000.0
130537,3527,3358,889000.0,890000.0
130553,3529,2285,889000.0,890000.0
130612,3295,1946,889000.0,890000.0
130616,3749,1847,889000.0,890000.0
130621,3749,1667,889000.0,890000.0
130625,3315,1324,889000.0,890000.0
130626,9945,3972,889000.0,890000.0
130627,3315,645,889000.0,890000.0
130628,753,5281,888000.0,889000.0
130636,1394,4739,888000.0,889000.0
130641,1375,4622,888000.0,889000.0
130645,1898,4636,888000.0,889000.0
130646,3626,9270,888000.0,889000.0
130656,1813,4227,888000.0,889000.0
130721,1777,4261,888000.0,889000.0
130729,974,4186,888000.0,889000.0
130801,981,4161,888000.0,889000.0
130803,964,4166,888000.0,889000.0
130826,915,4077,888000.0,889000.0
130830,812,3928,888000.0,889000.0
130847,798,3878,888000.0,889000.0
130900,689,3822,888000.0,889000.0
130925,2823,3809,888000.0,889000.0
130937,2910,3800,888000.0,889000.0
130942,2886,3776,888000.0,889000.0
130945,2692,3744,888000.0,889000.0
130957,2617,2931,888000.0,889000.0
130959,2525,2920,888000.0,889000.0
131001,2421,2850,888000.0,889000.0
131003,2292,2749,888000.0,889000.0
131018,2165,2579,888000.0,889000.0
131032,2139,2581,888000.0,889000.0
131038,2139,2032,888000.0,889000.0
131042,2100,1331,888000.0,889000.0
131046,2012,1236,888000.0,889000.0
131056,1931,1257,888000.0,889000.0
131105,1940,1169,888000.0,889000.0
131113,3222,1428,888000.0,889000.0
131118,1617,158,888000.0,889000.0
131134,1582,176,888000.0,889000.0
131145,1576,138,888000.0,889000.0
131205,1603,466,888000.0,889000.0
131220,1602,835,888000.0,889000.0
131234,1564,961,888000.0,889000.0
131301,1521,1070,888000.0,889000.0
131320,1524,1047,888000.0,889000.0
131325,1529,969,888000.0,889000.0
131349,1519,1009,888000.0,889000.0
131353,1065,990,888000.0,889000.0
131356,1059,1064,888000.0,889000.0
131402,572,1070,888000.0,889000.0
131408,32,1243,888000.0,889000.0
131455,456,872,889000.0,890000.0
131511,582,922,889000.0,890000.0
131552,617,786,889000.0,890000.0
131603,627,765,889000.0,890000.0
131614,682,559,889000.0,890000.0
131632,670,568,889000.0,890000.0
131650,635,504,889000.0,890000.0
131703,773,545,889000.0,890000.0
131720,895,303,889000.0,890000.0
131744,909,183,889000.0,890000.0
131802,1161,1451,888000.0,889000.0
131808,2354,2884,888000.0,889000.0
131831,342,1291,888000.0,889000.0
131845,289,1329,888000.0,889000.0
131902,275,1311,888000.0,889000.0
131909,197,1292,888000.0,889000.0
131939,171,1356,888000.0,889000.0
132008,167,1744,888000.0,889000.0
132019,186,1673,888000.0,889000.0
132035,283,1531,888000.0,889000.0
132055,367,1661,888000.0,889000.0
132108,1281,1422,888000.0,889000.0
132110,1308,965,888000.0,889000.0
132116,1538,474,888000.0,889000.0
132128,2683,5406,887000.0,888000.0
132151,2797,5266,887000.0,888000.0
132204,8172,15705,887000.0,888000.0
132211,7632,9140,887000.0,888000.0
132217,3917,4035,887000.0,888000.0
132219,8740,7918,887000.0,888000.0
132220,8740,7918,887000.0,888000.0
132221,4370,3959,887000.0,888000.0
132222,4370,2096,887000.0,888000.0
132224,4380,1640,887000.0,888000.0
132225,4380,1640,887000.0,888000.0
132227,4812,779,887000.0,888000.0
132228,9624,1558,887000.0,888000.0
132236,1683,5625,886000.0,887000.0
132242,1997,5521,886000.0,887000.0
132251,4530,11012,886000.0,887000.0
132256,2291,5186,886000.0,887000.0
132303,2224,5142,886000.0,887000.0
132311,2033,5083,886000.0,887000.0
132315,4066,9658,886000.0,887000.0
132328,2030,4184,886000.0,887000.0
132335,2116,4019,886000.0,887000.0
132344,3847,3892,886000.0,887000.0
132346,3894,3400,886000.0,887000.0
132404,3932,2888,886000.0,887000.0
132416,3956,2964,886000.0,887000.0
132437,1537,3352,886000.0,887000.0
132447,1531,4276,886000.0,887000.0
132500,1456,4366,886000.0,887000.0
132531,1612,4813,886000.0,887000.0
132548,1604,4777,886000.0,887000.0
132643,1796,4792,886000.0,887000.0
132654,1782,4715,886000.0,887000.0
132656,1782,4605,886000.0,887000.0
132658,1781,4444,886000.0,887000.0
132659,1781,4264,886000.0,887000.0
132700,1781,4140,886000.0,887000.0
132702,1798,4045,886000.0,887000.0
132703,1798,4045,886000.0,887000.0
132704,1798,4045,886000.0,887000.0
132705,2574,7732,886000.0,887000.0
132707,1214,3555,886000.0,887000.0
132709,1214,3406,886000.0,887000.0
132710,1214,3406,886000.0,887000.0
132711,1279,3141,886000.0,887000.0
132712,1279,3141,886000.0,887000.0
132713,1290,2863,886000.0,887000.0
132714,1290,2704,886000.0,887000.0
132715,1290,2704,886000.0,887000.0
132716,2480,7062,886000.0,887000.0
132717,3720,10593,886000.0,887000.0
132718,2100,5390,886000.0,887000.0
132719,914,2371,886000.0,887000.0
132720,1821,4467,886000.0,887000.0
132722,907,2096,886000.0,887000.0
132723,907,1852,886000.0,887000.0
132724,693,1442,886000.0,887000.0
132725,693,1442,886000.0,887000.0
132728,1386,4298,886000.0,887000.0
132730,693,1842,886000.0,887000.0
132731,693,1842,886000.0,887000.0
132732,693,1648,886000.0,887000.0
132735,703,1508,886000.0,887000.0
132736,701,1352,886000.0,887000.0
132738,701,1179,886000.0,887000.0
132740,701,1099,886000.0,887000.0
132741,701,933,886000.0,887000.0
132745,701,811,886000.0,887000.0
132747,697,1706,886000.0,887000.0
132748,697,1551,886000.0,887000.0
132750,224,1435,886000.0,887000.0
132752,253,1370,886000.0,887000.0
132756,253,1190,886000.0,887000.0
132758,272,1185,886000.0,887000.0
132759,262,1059,886000.0,887000.0
132805,250,826,886000.0,887000.0
132809,239,684,886000.0,887000.0
132812,242,638,886000.0,887000.0
132815,256,447,886000.0,887000.0
132816,256,321,886000.0,887000.0
132817,256,321,886000.0,887000.0
132818,257,83,886000.0,887000.0
132820,221,10787,885000.0,886000.0
132825,199,593,886000.0,887000.0
132832,13,618,886000.0,887000.0
132846,924,519,886000.0,887000.0
132852,112,10823,885000.0,886000.0
132855,314,10822,885000.0,886000.0
132918,694,10844,885000.0,886000.0
132919,694,10844,885000.0,886000.0
132927,625,10737,885000.0,886000.0
132954,597,10510,885000.0,886000.0
132958,519,10519,885000.0,886000.0
133003,400,9402,885000.0,886000.0
133019,420,9519,885000.0,886000.0
133023,316,6489,885000.0,886000.0
133027,861,18315,885000.0,886000.0
133041,450,106,886000.0,888000.0
133053,38,92,886000.0,887000.0
133109,408,512,887000.0,888000.0
133142,610,957,886000.0,887000.0
133220,1127,748,886000.0,887000.0
133224,1127,268,886000.0,887000.0
133242,296,5827,885000.0,886000.0
133256,420,6309,885000.0,886000.0
133306,380,6312,885000.0,886000.0
133313,422,6322,885000.0,886000.0
133325,453,5966,885000.0,886000.0
133333,86,5974,885000.0,886000.0
133349,456,135,886000.0,887000.0
133353,449,62,886000.0,887000.0
133406,556,5889,885000.0,886000.0
133417,1335,5766,885000.0,886000.0
133421,1471,5621,885000.0,886000.0
133435,1447,5628,885000.0,886000.0
133442,1493,5632,885000.0,886000.0
133444,1502,5406,885000.0,886000.0
133452,1543,5443,885000.0,886000.0
133513,3401,4890,885000.0,886000.0
133516,3406,4788,885000.0,886000.0
133527,3517,4722,885000.0,886000.0
133534,3533,4379,885000.0,886000.0
133542,3527,4245,885000.0,886000.0
133551,3513,4029,885000.0,886000.0
133610,4314,4000,885000.0,886000.0
133619,4294,4047,885000.0,886000.0
133629,4292,3848,885000.0,886000.0
133635,4309,3500,885000.0,886000.0
133636,4318,3296,885000.0,886000.0
133638,8636,6172,885000.0,886000.0
133639,4401,2853,885000.0,886000.0
133646,4446,2727,885000.0,886000.0
133657,4144,2139,885000.0,886000.0
133720,4182,2119,885000.0,886000.0
133728,4181,1958,885000.0,886000.0
133729,4186,1939,885000.0,886000.0
133731,4186,1943,885000.0,886000.0
133736,4125,1724,885000.0,886000.0
133747,4125,1581,885000.0,886000.0
133801,4135,1653,885000.0,886000.0
133807,3651,1212,885000.0,886000.0
133812,3697,1150,885000.0,886000.0
133825,2898,1325,885000.0,886000.0
133829,2849,1192,885000.0,886000.0
133837,2920,1100,885000.0,886000.0
133848,2910,1488,885000.0,886000.0
133854,2919,1398,885000.0,886000.0
133908,2914,1580,885000.0,886000.0
133920,2869,1410,885000.0,886000.0
133924,2874,1421,885000.0,886000.0
133938,3019,1307,885000.0,886000.0
133942,2862,1213,885000.0,886000.0
133952,2856,1280,885000.0,886000.0
133957,2844,1165,885000.0,886000.0
134005,2743,1163,885000.0,886000.0
134012,2790,1136,885000.0,886000.0
134014,2790,1078,885000.0,886000.0
134015,2336,579,885000.0,886000.0
134018,1906,56,885000.0,886000.0
134034,1292,4181,884000.0,885000.0
134035,1540,41,885000.0,886000.0
134038,105,4154,884000.0,885000.0
134039,1510,407,885000.0,886000.0
134041,1499,325,885000.0,886000.0
134044,1499,708,885000.0,886000.0
134047,1500,661,885000.0,886000.0
134053,1487,534,885000.0,886000.0
134057,1496,414,885000.0,886000.0
134059,1496,400,885000.0,886000.0
134103,1497,271,885000.0,886000.0
134106,1497,124,885000.0,886000.0
134113,1497,66,885000.0,886000.0
134115,121,4309,884000.0,885000.0
134120,1420,25,885000.0,886000.0
134135,1364,753,885000.0,886000.0
134146,1351,911,885000.0,886000.0
134213,1555,714,885000.0,886000.0
134227,1551,992,885000.0,886000.0
134233,1522,883,885000.0,886000.0
134234,659,478,886000.0,887000.0
134308,1622,697,886000.0,887000.0
134330,1756,857,886000.0,887000.0
134343,1766,735,886000.0,887000.0
134400,1775,502,886000.0,887000.0
134432,1885,981,886000.0,887000.0
134437,1847,865,886000.0,887000.0
134446,1880,792,886000.0,887000.0
134502,1940,848,886000.0,887000.0
134513,1931,834,886000.0,887000.0
134515,1921,212,886000.0,887000.0
134521,1878,142,886000.0,887000.0
134524,680,3324,885000.0,886000.0
134525,220,1674,885000.0,886000.0
134526,220,1674,885000.0,886000.0
134538,1546,274,886000.0,887000.0
134541,1177,292,886000.0,887000.0
134553,929,290,886000.0,887000.0
134559,908,215,886000.0,887000.0
134606,929,175,886000.0,887000.0
134627,956,988,886000.0,887000.0
134639,957,868,886000.0,887000.0
134648,1910,1650,886000.0,887000.0
134653,1936,2135,885000.0,886000.0
134704,1808,2222,885000.0,886000.0
134710,1855,2308,885000.0,886000.0
134711,1855,2308,885000.0,886000.0
134713,829,1,886000.0,887000.0
134730,891,2099,886000.0,887000.0
134742,856,2710,886000.0,887000.0
134743,399,2709,886000.0,887000.0
134744,399,2709,886000.0,887000.0
134757,1698,525,887000.0,888000.0
134800,1347,523,887000.0,888000.0
134828,1486,1117,887000.0,888000.0
134830,1486,518,887000.0,888000.0
134844,1515,521,887000.0,888000.0
134846,1061,539,887000.0,888000.0
134848,1081,347,887000.0,888000.0
134849,1081,146,887000.0,888000.0
134912,1039,1246,887000.0,888000.0
134918,129,1254,887000.0,888000.0
134928,43,1265,887000.0,888000.0
134934,1736,2032,888000.0,889000.0
134936,217,3711,887000.0,888000.0
134951,749,569,888000.0,889000.0
134956,657,511,888000.0,889000.0
135005,653,461,888000.0,889000.0
135017,638,556,888000.0,889000.0
135026,694,502,888000.0,889000.0
135036,2919,2001,888000.0,889000.0
135041,753,3728,887000.0,888000.0
135049,216,3703,887000.0,888000.0
135052,110,3679,887000.0,888000.0
135116,217,3800,887000.0,888000.0
135119,184,3799,887000.0,888000.0
135131,1403,3784,887000.0,888000.0
135145,1530,3644,887000.0,888000.0
135146,1354,3644,887000.0,888000.0
135150,1216,3649,887000.0,888000.0
135151,425,3649,887000.0,888000.0
135204,66,3608,887000.0,888000.0
135206,1,3607,887000.0,888000.0
135221,33,3579,887000.0,888000.0
135225,162,3684,887000.0,888000.0
135233,642,102,888000.0,889000.0
135251,690,47,888000.0,889000.0
135306,1297,3648,887000.0,888000.0
135318,1312,3660,887000.0,888000.0
135326,1319,3359,887000.0,888000.0
135333,1312,3385,887000.0,888000.0
135342,1344,3261,887000.0,888000.0
135348,1349,3118,887000.0,888000.0
135350,1349,3067,887000.0,888000.0
135351,1349,2736,887000.0,888000.0
135355,1349,2620,887000.0,888000.0
135406,1271,2489,887000.0,888000.0
135413,1272,2445,887000.0,888000.0
135418,654,260,888000.0,889000.0
135423,655,167,888000.0,889000.0
135439,702,341,888000.0,889000.0
135505,2150,1187,888000.0,889000.0
135508,2106,1205,888000.0,889000.0
135518,2171,1000,888000.0,889000.0
135535,2115,1193,888000.0,889000.0
135551,2045,1270,888000.0,889000.0
135555,2040,1210,888000.0,889000.0
135559,4345,884,888000.0,889000.0
135600,2296,108,888000.0,889000.0
135602,895,2860,887000.0,888000.0
135609,1489,2383,887000.0,888000.0
135610,3274,4462,887000.0,888000.0
135613,1587,1299,887000.0,888000.0
135631,1598,1325,887000.0,888000.0
135635,1606,1238,887000.0,888000.0
135638,1620,1196,887000.0,888000.0
135643,1607,923,887000.0,888000.0
135702,1531,956,887000.0,888000.0
135711,1861,1761,887000.0,888000.0
135730,1924,1559,887000.0,888000.0
135738,1897,1445,887000.0,888000.0
135739,1897,1445,887000.0,888000.0
135740,1910,411,887000.0,888000.0
135757,824,1649,886000.0,887000.0
135800,824,1598,886000.0,887000.0
135801,824,1598,886000.0,887000.0
135818,1715,1908,886000.0,887000.0
135824,1713,1864,886000.0,887000.0
135842,1757,1772,886000.0,887000.0
135855,1786,1644,886000.0,887000.0
135859,1757,1593,886000.0,887000.0
135908,1779,1539,886000.0,887000.0
135915,340,1506,886000.0,887000.0
135922,1602,576,887000.0,888000.0
135943,1583,566,887000.0,888000.0
135958,1576,576,887000.0,888000.0
140000,1576,425,887000.0,888000.0
140001,1576,213,887000.0,888000.0
140002,1576,213,887000.0,888000.0
140018,1585,590,887000.0,888000.0
140050,1635,683,887000.0,888000.0
140111,1653,1375,887000.0,888000.0
140145,1681,1365,887000.0,888000.0
140208,1494,1503,887000.0,888000.0
140218,1473,1598,887000.0,888000.0
140304,1500,1529,887000.0,888000.0
140318,1547,1584,887000.0,888000.0
140338,3196,2808,887000.0,888000.0
140403,1584,1596,887000.0,888000.0
140416,1839,1619,887000.0,888000.0
140435,1768,1476,887000.0,888000.0
140506,1767,1533,887000.0,888000.0
140533,1801,1669,887000.0,888000.0
140535,1799,1576,887000.0,888000.0
140543,1715,1647,887000.0,888000.0
140544,1715,1647,887000.0,888000.0
140554,1030,1542,887000.0,888000.0
140613,2203,1625,887000.0,888000.0
140626,2186,1506,887000.0,888000.0
140646,2161,1867,887000.0,888000.0
140716,2096,1932,887000.0,888000.0
140729,2091,2903,887000.0,888000.0
140732,1918,2827,887000.0,888000.0
140738,1925,2876,887000.0,888000.0
140750,1933,2964,887000.0,888000.0
140757,1676,738,888000.0,889000.0
140758,1729,723,888000.0,889000.0
140802,1729,605,888000.0,889000.0
140809,1719,616,888000.0,889000.0
140812,1718,577,888000.0,889000.0
140815,1722,391,888000.0,889000.0
140832,1902,280,888000.0,889000.0
140851,2404,503,888000.0,889000.0
140904,430,3283,887000.0,888000.0
140925,406,3304,887000.0,888000.0
140926,406,3304,887000.0,888000.0
141007,2043,585,888000.0,889000.0
141033,2013,1561,888000.0,889000.0
141054,2128,3129,888000.0,889000.0
141108,2049,3477,888000.0,889000.0
141147,2040,3533,888000.0,889000.0
141158,2017,3552,888000.0,889000.0
141203,1987,3553,888000.0,889000.0
141207,1527,3552,888000.0,889000.0
141209,1073,3625,888000.0,889000.0
141214,791,3492,888000.0,889000.0
141215,483,3463,888000.0,889000.0
141218,351,1101,889000.0,890000.0
141230,1820,1176,890000.0,891000.0
141246,1258,1214,890000.0,891000.0
141254,855,1219,890000.0,891000.0
141256,427,1229,890000.0,891000.0
141259,285,1316,890000.0,891000.0
141302,173,1327,890000.0,891000.0
141305,1337,1543,891000.0,892000.0
141306,1350,1465,891000.0,892000.0
141332,3990,3984,891000.0,892000.0
141347,1322,159,891000.0,892000.0
141354,1322,157,891000.0,892000.0
141406,1330,29,891000.0,892000.0
141414,1339,104,891000.0,892000.0
141434,1224,34,891000.0,892000.0
141452,33,1009,890000.0,891000.0
141536,1269,633,891000.0,892000.0
141604,1296,577,891000.0,892000.0
141612,1282,462,891000.0,892000.0
141614,1266,475,891000.0,892000.0
141621,1272,494,891000.0,892000.0
141627,773,494,891000.0,892000.0
141650,204,707,892000.0,893000.0
141707,209,632,892000.0,893000.0
141712,2,703,892000.0,893000.0
141713,6,2109,892000.0,893000.0
141714,2,703,892000.0,893000.0
141724,91,606,891000.0,892000.0
141737,469,76,892000.0,893000.0
141756,541,587,892000.0,893000.0
141806,664,482,892000.0,893000.0
141812,667,523,892000.0,893000.0
141816,225,368,892000.0,893000.0
141823,175,353,892000.0,893000.0
141829,29,235,892000.0,893000.0
141836,65,149,892000.0,893000.0
141839,1091,358,893000.0,894000.0
141841,1149,236,893000.0,894000.0
141844,977,199,893000.0,894000.0
141848,903,123,893000.0,894000.0
141852,44,234,892000.0,893000.0
141854,44,234,892000.0,893000.0
141901,119,573,891000.0,892000.0
141905,164,355,892000.0,893000.0
141911,188,312,892000.0,893000.0
141917,233,360,892000.0,893000.0
141928,875,85,893000.0,894000.0
141935,417,347,892000.0,893000.0
141940,529,362,892000.0,893000.0
141947,204,10,892000.0,893000.0
141949,341,672,891000.0,892000.0
141954,1593,463,891000.0,892000.0
141958,1299,152,891000.0,892000.0
142000,1299,152,891000.0,892000.0
142002,645,2139,890000.0,891000.0
142011,608,2117,890000.0,891000.0
142028,874,1904,890000.0,891000.0
142030,823,1993,890000.0,891000.0
142033,610,1977,890000.0,891000.0
142037,587,1969,890000.0,891000.0
142043,300,1969,890000.0,891000.0
142048,98,1969,890000.0,891000.0
142059,1353,112,891000.0,892000.0
142125,417,2300,890000.0,891000.0
142126,311,2301,890000.0,891000.0
142145,1381,171,891000.0,892000.0
142203,26,2513,890000.0,891000.0
142232,1490,309,891000.0,892000.0
142255,1403,603,891000.0,892000.0
142320,1390,1058,891000.0,892000.0
142332,1349,1193,891000.0,892000.0
142353,1533,1224,891000.0,892000.0
142408,1569,1131,891000.0,892000.0
142427,1570,1061,891000.0,892000.0
142450,1471,1183,891000.0,892000.0
142452,1471,1183,891000.0,892000.0
142458,1153,1020,891000.0,892000.0
142529,1432,1486,891000.0,892000.0
142537,1458,1456,891000.0,892000.0
142550,880,1489,891000.0,892000.0
142611,1020,1795,891000.0,892000.0
142621,960,1765,891000.0,892000.0
142654,869,1831,891000.0,892000.0
142702,343,1363,891000.0,892000.0
142708,1150,1299,891000.0,892000.0
142712,1150,1192,891000.0,892000.0
142718,2499,998,891000.0,892000.0
142721,2491,961,891000.0,892000.0
142725,2491,799,891000.0,892000.0
142729,2491,713,891000.0,892000.0
142732,2496,660,891000.0,892000.0
142739,2501,555,891000.0,892000.0
142755,2508,923,891000.0,892000.0
142811,2506,973,891000.0,892000.0
142833,1482,1068,891000.0,892000.0
142847,1358,1079,891000.0,892000.0
142908,1368,1076,891000.0,892000.0
142926,1374,1081,891000.0,892000.0
142931,985,1154,891000.0,892000.0
142936,676,1090,891000.0,892000.0
142943,760,557,892000.0,893000.0
142945,771,528,892000.0,893000.0
142946,771,528,892000.0,893000.0
142952,3248,598,893000.0,894000.0
143005,2917,86,893000.0,894000.0
143011,2926,532,893000.0,894000.0
143018,2371,914,893000.0,894000.0
143023,2389,649,893000.0,894000.0
143027,994,1340,893000.0,894000.0
143052,3521,542,894000.0,895000.0
143056,3391,955,894000.0,895000.0
143057,3391,955,894000.0,895000.0
143107,2752,1057,894000.0,895000.0
143117,2403,2876,895000.0,896000.0
143122,781,2993,895000.0,896000.0
143124,1201,2686,895000.0,896000.0
143136,1081,2581,895000.0,896000.0
143144,711,2575,895000.0,896000.0
143145,711,2575,895000.0,896000.0
143146,388,60,895000.0,896000.0
143148,1080,915,896000.0,897000.0
143153,1046,884,896000.0,897000.0
143202,959,894,896000.0,897000.0
143204,959,894,896000.0,897000.0
143207,971,672,896000.0,897000.0
143213,408,71,895000.0,896000.0
143247,560,163,895000.0,896000.0
143251,564,155,895000.0,896000.0
143304,1503,574,894000.0,895000.0
143308,1978,393,894000.0,895000.0
143326,72,72,893000.0,894000.0
143358,185,60,893000.0,894000.0
143411,271,188,893000.0,894000.0
143435,328,278,893000.0,894000.0
143446,2029,113,894000.0,895000.0
143458,181,329,893000.0,894000.0
143512,329,304,893000.0,894000.0
143524,849,122,892000.0,893000.0
143534,401,119,892000.0,893000.0
143545,341,484,893000.0,894000.0
143556,388,324,893000.0,894000.0
143604,313,308,893000.0,894000.0
143620,335,201,893000.0,894000.0
143632,317,100,893000.0,894000.0
143634,330,175,893000.0,894000.0
143642,1686,116,894000.0,895000.0
143648,1683,251,893000.0,895000.0
143654,1685,28,894000.0,895000.0
143708,1264,33,894000.0,895000.0
143718,1223,888,894000.0,895000.0
143739,1247,834,894000.0,895000.0
143751,1250,763,894000.0,895000.0
143758,1181,825,894000.0,895000.0
143800,728,833,894000.0,895000.0
143808,457,805,894000.0,895000.0
143823,512,759,894000.0,895000.0
143827,393,817,894000.0,895000.0
143832,2747,100,895000.0,896000.0
143846,2261,640,895000.0,896000.0
143851,2262,777,895000.0,896000.0
143854,1815,758,895000.0,896000.0
143909,1301,931,895000.0,896000.0
143912,1298,919,895000.0,896000.0
143915,829,1017,895000.0,896000.0
143917,325,1017,895000.0,896000.0
143922,160,1161,895000.0,896000.0
143937,129,1205,895000.0,896000.0
143941,1704,39,896000.0,897000.0
143946,1245,291,896000.0,897000.0
143951,1086,503,896000.0,897000.0
144001,1368,480,896000.0,897000.0
144003,923,477,896000.0,897000.0
144007,485,564,896000.0,897000.0
144011,6,562,896000.0,897000.0
144013,790,324,897000.0,898000.0
144019,435,395,897000.0,898000.0
144027,126,469,897000.0,898000.0
144036,334,412,897000.0,898000.0
144043,1298,446,897000.0,898000.0
144052,1270,415,897000.0,898000.0
144057,1388,267,897000.0,898000.0
144108,1360,265,897000.0,898000.0
144121,1423,355,897000.0,898000.0
144122,1423,355,897000.0,898000.0
144133,68,157,896000.0,897000.0
144139,1372,65,896000.0,897000.0
144149,1429,204,896000.0,897000.0
144200,1487,179,896000.0,897000.0
144206,1485,163,896000.0,897000.0
144207,1485,163,896000.0,897000.0
144209,1487,159,896000.0,897000.0
144220,136,401,895000.0,896000.0
144227,76,679,895000.0,896000.0
144235,1575,274,896000.0,897000.0
144240,3160,804,896000.0,897000.0
144252,1127,150,896000.0,897000.0
144305,677,308,896000.0,897000.0
144316,678,979,896000.0,897000.0
144328,237,735,896000.0,897000.0
144338,200,621,896000.0,897000.0
144350,180,583,896000.0,897000.0
144354,294,366,896000.0,897000.0
144358,1647,93,897000.0,898000.0
144408,63,330,896000.0,897000.0
144411,76,497,896000.0,897000.0
144421,745,1047,896000.0,897000.0
144445,861,1863,896000.0,897000.0
144452,874,1731,896000.0,897000.0
144454,936,1607,896000.0,897000.0
144505,947,2143,896000.0,897000.0
144506,947,2143,896000.0,897000.0
144510,434,1724,896000.0,897000.0
144519,305,1668,896000.0,897000.0
144521,222,1701,896000.0,897000.0
144540,1770,543,897000.0,898000.0
144542,1775,500,897000.0,898000.0
144553,1311,474,897000.0,898000.0
144603,821,614,897000.0,898000.0
144609,190,733,897000.0,898000.0
144613,204,691,897000.0,898000.0
144618,6930,558,898000.0,899000.0
144619,3465,279,897000.0,898000.0
144620,1027,586,897000.0,898000.0
144631,1019,456,897000.0,898000.0
144637,963,324,897000.0,898000.0
144639,997,345,897000.0,898000.0
144649,533,569,897000.0,898000.0
144703,105,612,897000.0,898000.0
144709,3608,378,898000.0,899000.0
144721,3642,518,898000.0,899000.0
144724,3190,519,898000.0,899000.0
144737,297,604,898000.0,899000.0
144739,238,602,898000.0,899000.0
144740,222,596,898000.0,899000.0
144748,176,682,898000.0,899000.0
144749,176,682,898000.0,899000.0
144800,14838,512,899000.0,900000.0
144804,14758,339,899000.0,900000.0
144812,14581,268,899000.0,900000.0
144815,14504,265,899000.0,900000.0
144820,212,477,898000.0,899000.0
144832,1915,526,898000.0,899000.0
144834,2067,565,898000.0,899000.0
144837,14477,391,899000.0,900000.0
144838,14480,141,899000.0,900000.0
144844,14466,49,899000.0,900000.0
144848,36,568,898000.0,899000.0
144857,415,481,898000.0,899000.0
144907,482,422,898000.0,899000.0
144919,754,462,898000.0,899000.0
144936,807,210,898000.0,899000.0
144937,807,210,898000.0,899000.0
144938,564,106,898000.0,899000.0
144952,850,451,897000.0,898000.0
